6355825,10-Jan-16,10.8864,13.63
6260863,10-Jan-16,6.6143,3.3244
6313612,10-Jan-16,7.9081,4.5809
4837334,10-Jan-16,4.6431,6.0806
5920514,11-Jan-16,9.2,12.4833
5292825,12-Jan-16,5.4833,7.0304
6267939,12-Jan-16,6.6594,3.2986
6260892,12-Jan-16,6.521,3.363
5876401,12-Jan-16,6.5263,3.3571
6260958,13-Jan-16,5.4833,7.0304
5876764,14-Jan-16,6.7457,4.8775
5292829,14-Jan-16,5.3991,5.4482
5292830,14-Jan-16,5.4832,5.7346
5876887,14-Jan-16,7.1962,5.5868
6258172,14-Jan-16,9.0833,6.0167
6230785,15-Jan-16,11.5221,13.6856
6356539,15-Jan-16,11.4833,12.3144
6260587,15-Jan-16,4.8755,7.1488
5877651,15-Jan-16,6.3267,7.6539
6313171,15-Jan-16,12.2284,6.2962
6356459,15-Jan-16,12.1076,11.7539
5292841,17-Jan-16,9.0833,7.5333
6126395,17-Jan-16,6.2006,6.7339
6268024,17-Jan-16,6.5048,4.7839
5292842,18-Jan-16,6.2006,6.7339
5292843,18-Jan-16,6.4426,7.5022
5292844,18-Jan-16,5.1066,7.3667
5292845,18-Jan-16,9.0833,7.5333
6258156,18-Jan-16,7.7667,4.5667
5292846,19-Jan-16,4.7774,7.0134
5292847,19-Jan-16,6.5942,3.3375
5876349,19-Jan-16,6.4531,3.3958
6126774,19-Jan-16,5.4616,6.2079
6356480,20-Jan-16,10.9048,12.0886
5292850,20-Jan-16,5.074,6.6535
5292851,20-Jan-16,5.0858,6.4709
6267975,20-Jan-16,7.621,5.2215
6356558,20-Jan-16,11.156,12.7576
6126753,20-Jan-16,5.4616,6.2079
6261183,20-Jan-16,7.6813,6.4286
5877206,20-Jan-16,6.4456,3.3592
6260782,21-Jan-16,9.9285,8.8921
5292858,21-Jan-16,5.0014,6.8741
6267992,21-Jan-16,10.0545,9.0604
6357389,21-Jan-16,12.024,13.9165
6357388,22-Jan-16,11.8464,13.1603
5292863,23-Jan-16,6.65,8.45
6357361,23-Jan-16,12.3611,13.8246
6357364,23-Jan-16,12.65,13.65
6357370,23-Jan-16,12.1,13.7833
6357382,23-Jan-16,9.4167,12.2333
6357394,23-Jan-16,11.1695,12.284
6260488,24-Jan-16,7.85,9.7833
5821194,24-Jan-16,9.5175,8.5128
5876496,24-Jan-16,9.3667,12.55
5821221,24-Jan-16,5.0763,6.2641
6359235,24-Jan-16,11.8482,12.9375
5877216,24-Jan-16,9.3667,12.55
6261601,25-Jan-16,4.9667,8.3333
6358987,25-Jan-16,12.1076,11.7539
6258003,26-Jan-16,7.7667,4.5667
6258027,26-Jan-16,7.7667,4.5667
4834424,26-Jan-16,9.0833,7.5333
6261502,26-Jan-16,7.7667,4.5667
6358866,27-Jan-16,10.8658,12.847
6260661,27-Jan-16,7.8024,6.743
6358993,27-Jan-16,10.8658,12.847
6268120,28-Jan-16,4.3151,6.2418
5877544,29-Jan-16,5.4616,6.2079
5292882,29-Jan-16,4.3151,6.2418
5292883,29-Jan-16,5.3643,5.3237
5292884,29-Jan-16,8.8964,7.2431
6355647,29-Jan-16,10.1614,12.7399
6268145,29-Jan-16,8.0167,4.1333
6359042,30-Jan-16,11.8072,12.4909
6356282,30-Jan-16,11.7606,13.2683
6357360,30-Jan-16,11.8464,13.1603
6313289,31-Jan-16,7.828,7.8141
6313472,1-Feb-16,6.3351,5.6275
6356385,1-Feb-16,12.024,13.9165
5876951,1-Feb-16,4.9667,8.3333
6260480,2-Feb-16,7.3878,3.8964
6358828,2-Feb-16,11.8072,12.4909
5292894,2-Feb-16,4.9247,6.2642
6357879,2-Feb-16,11.8464,13.1603
5876377,2-Feb-16,6.3351,5.6275
5292899,3-Feb-16,4.9667,8.3333
5877183,3-Feb-16,4.5395,7.7517
6258372,3-Feb-16,10.5222,7.4383
5920516,4-Feb-16,5.4833,7.0304
6313089,4-Feb-16,7.4667,4.5667
6359192,5-Feb-16,11.6558,13.4213
6317868,6-Feb-16,12.3342,6.4057
6359172,6-Feb-16,11.7921,13.1272
5759467,6-Feb-16,6.4531,3.3958
6313800,7-Feb-16,7.621,5.2215
6313559,7-Feb-16,7.1694,9.2847
5759460,7-Feb-16,6.4531,3.3958
6258432,8-Feb-16,10.5222,7.4383
6313479,8-Feb-16,11.7594,9.3392
6313481,8-Feb-16,12.9894,7.6006
6313741,8-Feb-16,7.8024,6.743
6313231,8-Feb-16,9.9285,8.8921
6313269,8-Feb-16,7.621,5.2215
6268214,8-Feb-16,7.3878,3.8964
6313530,8-Feb-16,4.9667,8.3333
6268266,8-Feb-16,11.8464,13.1603
5292908,8-Feb-16,6.4456,3.3592
5292920,8-Feb-16,6.4531,3.3958
6268283,8-Feb-16,5.4833,7.0304
5292928,8-Feb-16,6.6096,3.3566
5292931,8-Feb-16,6.5942,3.3375
6268309,8-Feb-16,11.9702,8.5044
6268311,8-Feb-16,9.0833,7.5333
6268057,8-Feb-16,6.4426,7.5022
6313630,8-Feb-16,5.0333,7.9266
6268319,8-Feb-16,10.3134,9.8433
6261175,8-Feb-16,10.5222,7.4383
6268343,8-Feb-16,6.3351,5.6275
6268354,8-Feb-16,10.5222,7.4383
6313156,8-Feb-16,7.15,3.35
6268380,8-Feb-16,4.7774,7.0134
6268128,8-Feb-16,6.3163,8.1169
6313207,8-Feb-16,9,4.5
6268408,8-Feb-16,5.5263,7.4896
6359033,8-Feb-16,11.8482,12.9375
5876241,9-Feb-16,5.4833,7.0304
6258234,9-Feb-16,10.2086,11.3859
5876802,9-Feb-16,5.1066,7.3667
6356591,9-Feb-16,12.024,13.9165
5876731,9-Feb-16,6.2006,6.7339
5292944,10-Feb-16,8.8964,7.2431
5877479,10-Feb-16,6.4979,3.3829
5877538,11-Feb-16,6.8362,7.2349
6356002,11-Feb-16,11.1314,13.8664
6261283,11-Feb-16,7.828,7.8141
6261560,11-Feb-16,7.8677,8.0949
6357889,11-Feb-16,11.8288,12.6345
6261135,11-Feb-16,4.7774,7.0134
6126519,11-Feb-16,7.4477,5.6204
6356246,12-Feb-16,12.3611,13.8246
6356288,12-Feb-16,12.3611,13.8246
6357892,12-Feb-16,11.156,12.7576
6268069,12-Feb-16,5.3435,6.6532
6260420,12-Feb-16,6.5942,3.3375
5876999,13-Feb-16,6.4654,7.9675
6357950,13-Feb-16,11.156,12.7576
6260798,15-Feb-16,9.3713,9.6192
5292961,15-Feb-16,4.5394,6.4003
5292962,15-Feb-16,5.1633,6.2126
5292963,15-Feb-16,4.9247,6.2642
4830890,15-Feb-16,6.6439,3.3264
6260719,15-Feb-16,4.9692,6.1097
6257983,16-Feb-16,6.2006,6.7339
6356296,16-Feb-16,12.024,13.9165
6356341,16-Feb-16,10.8583,12.2005
6356369,16-Feb-16,12.5056,13.1414
6356371,16-Feb-16,12.1,13.7
6356373,16-Feb-16,12.1091,13.9864
5821338,16-Feb-16,7.7667,4.5667
5292973,17-Feb-16,9.0833,7.5333
6356689,17-Feb-16,11.25,13.4167
5876303,18-Feb-16,9.0833,7.5333
5876942,18-Feb-16,5.7063,6.4374
5292976,20-Feb-16,9.1281,7.0611
6313523,21-Feb-16,6.3351,5.6275
5292978,21-Feb-16,6.4538,3.2059
5292980,21-Feb-16,6.4531,3.3958
6258383,21-Feb-16,5.0333,7.9266
5821340,22-Feb-16,9.0833,7.5333
5292981,22-Feb-16,4.6538,7.284
6313702,22-Feb-16,4.6737,7.362
5920517,23-Feb-16,8.25,5.55
5876998,23-Feb-16,9.0833,7.5333
5821223,23-Feb-16,9.0833,7.5333
5877591,23-Feb-16,7.106,6.6966
6358658,23-Feb-16,11.5221,13.6856
6358659,23-Feb-16,11.3548,14.213
6313486,24-Feb-16,6.2006,6.7339
6268204,24-Feb-16,7.8731,8.046
6261367,24-Feb-16,10.2897,11.1673
6268058,24-Feb-16,7.8669,8.0611
6356380,24-Feb-16,12.024,13.9165
6268348,24-Feb-16,7.828,7.8141
5292991,24-Feb-16,9.0833,7.5333
6268097,24-Feb-16,7.0613,9.0282
6268369,24-Feb-16,7.8677,8.0949
5876532,25-Feb-16,8.1833,9.75
5876817,25-Feb-16,9.1413,7.3526
5876874,25-Feb-16,6.5263,3.3571
6358926,25-Feb-16,9.2833,12.4667
5877485,25-Feb-16,7.85,9.7833
6257910,25-Feb-16,4.9247,6.2642
6356865,27-Feb-16,10.727,12.7784
5877681,27-Feb-16,4.9198,6.6751
6261082,29-Feb-16,12.9894,7.6006
5293010,29-Feb-16,9.0833,7.5333
5293011,29-Feb-16,9.0833,7.5333
5293014,29-Feb-16,9.0833,7.5333
5293015,29-Feb-16,6.6155,3.5087
6260735,29-Feb-16,4.9247,6.2642
5821339,1-Mar-16,5.3128,8.3554
6268074,1-Mar-16,6.4426,7.5022
5877534,2-Mar-16,9.0833,7.5333
5877626,2-Mar-16,6.5582,3.3466
5876614,2-Mar-16,4.6737,7.362
5877397,2-Mar-16,6.601,3.409
5293018,2-Mar-16,6.4613,3.3696
5293021,2-Mar-16,5.6609,5.9195
5293022,2-Mar-16,6.3351,5.6275
6260756,3-Mar-16,10.7991,8.1538
5877329,3-Mar-16,6.2101,7.0741
4827407,4-Mar-16,5.3435,6.6532
6358804,4-Mar-16,10.6129,12.1946
6356269,4-Mar-16,11.25,13.4167
6260534,4-Mar-16,6.601,3.409
6260832,4-Mar-16,7.828,7.8141
6260352,4-Mar-16,6.601,3.409
4827532,4-Mar-16,5.1,7.2
5200020,4-Mar-16,6.4431,3.3075
6261456,4-Mar-16,7.621,5.2215
5293029,4-Mar-16,9.0833,7.5333
6357315,5-Mar-16,11.084,13.6925
6357317,5-Mar-16,11.3076,13.5947
4827223,5-Mar-16,4.6737,7.362
6356597,5-Mar-16,10.7239,11.6897
6260783,6-Mar-16,10.5222,7.4383
6261438,6-Mar-16,11.9702,8.5044
5920521,7-Mar-16,6.7424,3.4219
5920522,7-Mar-16,6.5942,3.3375
6359052,7-Mar-16,11.1767,13.8256
6313754,7-Mar-16,4.7341,6.8635
6313352,7-Mar-16,4.5114,7.5401
6359202,7-Mar-16,11.1587,13.4162
6313646,7-Mar-16,4.7341,6.8635
6356682,7-Mar-16,11.084,13.6925
5293042,7-Mar-16,12.0218,8.5224
6359054,8-Mar-16,11.1587,13.4162
4826927,8-Mar-16,7.5,9.3333
6359124,8-Mar-16,11.1767,13.8256
6356615,8-Mar-16,11.084,13.6925
5293048,8-Mar-16,6.5053,3.1031
5201435,9-Mar-16,6.6096,3.3566
6268043,9-Mar-16,7.3878,3.8964
5293050,9-Mar-16,9.0833,7.5333
6261552,10-Mar-16,7.5,9.3333
6356278,10-Mar-16,13.0562,13.762
6357917,10-Mar-16,12.944,13.184
6313133,10-Mar-16,7.4667,4.5667
6260400,10-Mar-16,6.4757,5.9048
6260680,10-Mar-16,7.828,7.8141
6268108,10-Mar-16,9.0833,7.5333
5293059,11-Mar-16,8.4667,6.95
5293060,11-Mar-16,8.4667,6.95
6313771,11-Mar-16,8.5,4.55
4826435,11-Mar-16,9.0833,7.5333
6313204,11-Mar-16,5.7235,6.6021
6358576,12-Mar-16,11.25,13.4167
6358898,12-Mar-16,11.2551,14.1482
6258576,12-Mar-16,4.6737,7.362
6358696,12-Mar-16,11.1767,13.8256
5876993,13-Mar-16,7.4667,4.5667
5821236,13-Mar-16,10.1614,12.7399
5877610,13-Mar-16,7.5,9.3333
6358019,14-Mar-16,11.2,13.0833
5293071,14-Mar-16,9.0833,7.5333
5877277,14-Mar-16,7.4667,4.5667
6268241,14-Mar-16,7.15,3.35
6261364,14-Mar-16,9.9285,8.8921
5920523,15-Mar-16,9.0833,7.5333
5293078,15-Mar-16,9.0833,7.5333
6268444,15-Mar-16,4.9667,8.3333
6313514,15-Mar-16,5.7235,6.6021
6357565,15-Mar-16,10.7682,13.1429
6267993,15-Mar-16,10.3134,9.8433
6356431,15-Mar-16,11.747,11.9608
6356484,16-Mar-16,11.747,11.9608
5920524,16-Mar-16,6.4979,3.3829
5293085,16-Mar-16,9.0833,7.5333
5293088,16-Mar-16,6.5942,3.3375
6359079,16-Mar-16,11.7921,13.1272
6258289,16-Mar-16,9.9285,8.8921
6261404,16-Mar-16,7.621,5.2215
5293091,17-Mar-16,6.0035,8.0855
6260528,17-Mar-16,10.5222,7.4383
5876383,17-Mar-16,4.8816,6.8625
5821384,17-Mar-16,4.6412,7.9209
5293095,18-Mar-16,7.4819,9.2948
5293096,19-Mar-16,4.7774,7.0134
5293097,19-Mar-16,4.7774,7.0134
5293098,19-Mar-16,4.7649,6.8414
5293099,19-Mar-16,4.8568,6.6442
5293100,19-Mar-16,4.786,7.1269
5293101,19-Mar-16,4.7661,7.28
4825147,19-Mar-16,11.5841,5.9771
4825041,19-Mar-16,11.5841,5.9771
6358027,20-Mar-16,11.7921,13.1272
6358070,20-Mar-16,11.6138,11.0481
6356372,20-Mar-16,11.8464,13.1603
6358825,21-Mar-16,11.1667,13.4167
5293105,21-Mar-16,7.5167,5.75
5205804,23-Mar-16,5.4832,5.7346
6358829,23-Mar-16,12.1,13.7
6358830,23-Mar-16,12.1,13.7833
6358831,23-Mar-16,12.3,14.4167
6358584,23-Mar-16,12.1,13.7
6358585,23-Mar-16,12.3667,14.35
6260909,23-Mar-16,6.4531,3.3958
6358707,23-Mar-16,12.2829,14.4724
6359256,23-Mar-16,10.8635,13.5189
4824561,23-Mar-16,8.1833,9.75
6359035,23-Mar-16,12.0433,13.6471
5876517,24-Mar-16,4.6412,7.9209
5293117,24-Mar-16,5.4527,5.8696
5293119,25-Mar-16,6.4437,3.2522
5293120,25-Mar-16,6.6596,3.6187
6359031,25-Mar-16,11.8464,13.1603
5877357,26-Mar-16,9.05,6.9833
5877359,26-Mar-16,10.4843,7.4614
6357449,26-Mar-16,11.8464,13.1603
5293125,27-Mar-16,9.0833,7.5333
4823915,27-Mar-16,7.2667,9.9833
4824011,27-Mar-16,8.1833,9.75
4824028,27-Mar-16,7.5333,10.4167
6358077,28-Mar-16,13.5124,13.0916
6358639,28-Mar-16,11.7168,14.0537
6358956,28-Mar-16,11.3838,12.7236
6358958,28-Mar-16,10.7357,13.1307
6358959,28-Mar-16,10.8583,12.2005
6358960,28-Mar-16,11.3939,12.7448
6359004,28-Mar-16,11.3351,14.172
6359005,28-Mar-16,11.3921,13.694
6358056,29-Mar-16,11.25,13.4167
5293134,29-Mar-16,7.5333,3.4167
6261540,30-Mar-16,6.6974,3.4157
5876266,30-Mar-16,5.3435,6.6532
5293136,30-Mar-16,6.5942,3.3375
5293137,30-Mar-16,7.2827,6.0878
5293138,30-Mar-16,7.2827,6.0878
6313083,30-Mar-16,9.0833,7.5333
5293142,31-Mar-16,11.1132,7.7252
6313103,31-Mar-16,10.5222,7.4383
6358963,31-Mar-16,11.4266,13.9867
6260430,31-Mar-16,7.7411,8.5121
5293147,1-Apr-16,7.8024,6.743
5293148,1-Apr-16,5.5546,5.7862
5293149,1-Apr-16,10.4843,7.4614
5293150,1-Apr-16,6.4531,3.3958
4823267,1-Apr-16,5.7316,7.5016
5877294,2-Apr-16,7.3179,8.9951
6261557,2-Apr-16,10.2691,7.1085
5293151,2-Apr-16,7.1993,5.2738
5293155,2-Apr-16,9.0833,7.5333
5759990,2-Apr-16,9.0833,7.5333
6356754,3-Apr-16,11.3729,14.2946
6356767,3-Apr-16,11.4146,14.326
6356775,3-Apr-16,11.4989,14.2351
6356805,3-Apr-16,11.5022,14.0858
5876843,3-Apr-16,7.5667,8.8833
6356845,3-Apr-16,11.5221,13.6856
6356851,3-Apr-16,11.4137,14.3203
6356872,3-Apr-16,11.4911,14.295
6356887,3-Apr-16,11.5221,13.6856
5877149,3-Apr-16,7.5667,8.8833
6356897,3-Apr-16,11.3833,13.95
5293168,4-Apr-16,5.5585,6.3909
5293169,4-Apr-16,5.5167,5.75
5877401,4-Apr-16,7.5667,8.8833
6268187,5-Apr-16,4.4833,7.4146
5293172,5-Apr-16,6.4538,3.2059
5876571,6-Apr-16,5.6325,7.3054
5293175,6-Apr-16,9.1413,7.3526
4822178,6-Apr-16,6.4613,3.3696
6260671,6-Apr-16,6.4979,3.3829
5293178,7-Apr-16,6.4979,3.3829
6126777,7-Apr-16,7.106,6.6966
6261343,8-Apr-16,7.5667,8.8833
6358004,8-Apr-16,11.8464,13.1603
5876357,9-Apr-16,5.7902,6.1047
6126579,9-Apr-16,9.0833,7.5333
6267898,9-Apr-16,7.4696,5.7362
6261266,10-Apr-16,7.5,11.3667
6313107,10-Apr-16,4.7774,7.0134
6260422,10-Apr-16,7.8,11.1
6260423,10-Apr-16,7.4333,11.8
6313636,11-Apr-16,4.7774,7.0134
5876931,11-Apr-16,6.8561,7.3927
5876692,11-Apr-16,7.7411,8.5121
5876695,11-Apr-16,6.8561,7.3927
6267896,11-Apr-16,7.5,11.3667
6313209,11-Apr-16,4.9247,6.2642
6258446,12-Apr-16,10.5222,7.4383
6268211,12-Apr-16,4.7774,7.0134
6356842,12-Apr-16,11.3095,14.1131
6356864,12-Apr-16,11.5221,13.6856
6356889,12-Apr-16,11.3642,14.0758
6356896,12-Apr-16,11.3475,14.0746
4821048,13-Apr-16,5.4527,5.8696
5293201,13-Apr-16,6.6108,3.2961
5293203,13-Apr-16,9.0833,7.5333
5293204,13-Apr-16,9.1281,7.0611
5876494,14-Apr-16,12.1628,6.6614
6260510,14-Apr-16,4.6387,7.2983
6261061,14-Apr-16,5.1009,6.8141
6261345,14-Apr-16,8.3667,8.7667
5293205,14-Apr-16,7.7573,8.7521
5293206,14-Apr-16,9.0833,7.5333
5293207,14-Apr-16,4.9247,6.2642
6261423,14-Apr-16,4.786,7.1269
5877540,15-Apr-16,7.5667,8.8833
5877039,15-Apr-16,7.828,7.8141
5876564,15-Apr-16,6.8879,9.2355
5293214,15-Apr-16,6.6155,3.5087
5877410,15-Apr-16,7.4667,9.2
5877160,15-Apr-16,5.9203,8.2127
5877162,15-Apr-16,7.5,9.3333
6357968,15-Apr-16,11.1767,13.8256
5876451,15-Apr-16,7.8155,8.8604
5877228,15-Apr-16,7.7411,8.5121
6358009,15-Apr-16,12.3512,14.0785
5877269,16-Apr-16,5.9203,8.2127
6261516,17-Apr-16,9.3713,9.6192
5877025,17-Apr-16,5.9203,8.2127
6260665,17-Apr-16,11.4241,5.2288
5877006,18-Apr-16,10.2897,11.1673
5920527,18-Apr-16,8.5,4.55
5876264,18-Apr-16,6.5942,3.3375
6261037,18-Apr-16,9.3713,9.6192
5877615,18-Apr-16,6.1516,6.8446
5877111,18-Apr-16,9.0833,7.5333
5877370,18-Apr-16,7.7411,8.5121
5877373,18-Apr-16,9.9285,8.8921
6356636,18-Apr-16,12.8847,12.5081
6357927,18-Apr-16,13.0977,12.4952
5876652,18-Apr-16,10.3134,9.8433
6260452,18-Apr-16,6.4531,3.3958
6355539,19-Apr-16,10.7239,11.6897
6313073,19-Apr-16,6.7424,3.4219
6313432,19-Apr-16,6.2006,6.7339
6359269,19-Apr-16,11.5221,13.6856
6313251,20-Apr-16,4.7774,7.0134
6260796,20-Apr-16,8.9142,7.8889
6355322,20-Apr-16,10.7239,11.6897
6355663,20-Apr-16,11.2551,14.1482
5821163,20-Apr-16,6.2006,6.7339
6313454,20-Apr-16,6.4426,7.5022
6357511,21-Apr-16,11.1223,13.0069
6357517,21-Apr-16,11.2,13.0833
6357528,21-Apr-16,11.156,12.7576
4819771,21-Apr-16,7.7167,10.05
6357567,21-Apr-16,11.8464,13.1603
6257814,21-Apr-16,7.187,3.341
5293251,21-Apr-16,5.5167,5.75
6357467,21-Apr-16,12.0787,14.4519
6356574,22-Apr-16,12.2829,14.4724
5821404,22-Apr-16,9.3,11.0167
5821435,22-Apr-16,9.3,11.0167
5920528,23-Apr-16,6.5203,3.3538
4819484,23-Apr-16,7.8667,10.9667
6359379,23-Apr-16,11.8464,13.1603
6357848,23-Apr-16,11.8464,13.1603
5877558,24-Apr-16,5.5167,5.75
6356545,24-Apr-16,10.8583,12.2005
6313313,25-Apr-16,6.8,7.1467
6126228,25-Apr-16,5.8467,6.1526
5877693,25-Apr-16,7.7667,4.5667
5293263,25-Apr-16,7.3878,3.8964
5293266,25-Apr-16,9.0833,7.5333
6126811,25-Apr-16,5.5167,5.75
6313215,25-Apr-16,7.621,5.2215
6356537,26-Apr-16,12.9234,13.5606
6126671,26-Apr-16,9.0833,7.5333
6267984,26-Apr-16,9.0833,7.5333
5876578,26-Apr-16,5.0333,7.9266
5876582,26-Apr-16,5.8648,5.7537
5293271,26-Apr-16,7.3878,3.8964
6261214,26-Apr-16,7.7667,4.5667
5877522,27-Apr-16,6.097,6.8184
5876788,27-Apr-16,11.7594,9.3392
5293278,27-Apr-16,9.0833,7.5333
5876970,27-Apr-16,6.1516,6.8446
5877499,27-Apr-16,7.2333,3.0333
6313504,28-Apr-16,6.2006,6.7339
6261426,28-Apr-16,9.2,12.4833
5293283,28-Apr-16,9.0833,7.5333
5877297,29-Apr-16,5.8086,8.0812
6356584,29-Apr-16,11.25,13.4167
5293286,29-Apr-16,6.4531,3.3958
6260498,30-Apr-16,5.074,6.6535
6261018,30-Apr-16,8.5294,7.7242
5876518,30-Apr-16,5.8086,8.0812
6268217,30-Apr-16,4.5333,6.4167
6260600,30-Apr-16,7.9975,7.8312
5877279,1-May-16,5.8086,8.0812
5876265,1-May-16,9.3888,8.5778
6357556,1-May-16,12.3667,14.35
6268015,1-May-16,5.8931,7.9374
5877118,1-May-16,5.8224,8.1584
6258458,2-May-16,7.3588,7.0994
5876556,3-May-16,4.5394,6.4003
5729105,3-May-16,9.0833,6.0167
6268301,3-May-16,6.8,7.1467
6260949,3-May-16,9.6139,6.5569
5293300,3-May-16,5.5167,5.75
5293302,3-May-16,7.0932,4.8353
6260730,3-May-16,6.0158,6.7446
5920531,4-May-16,9.0833,7.5333
6261115,4-May-16,7.3878,3.8964
4817541,4-May-16,6.4531,3.3958
6261217,4-May-16,9.9285,8.8921
6261273,5-May-16,12.1628,6.6614
5821269,5-May-16,5.1066,7.3667
5876320,5-May-16,5.1066,7.3667
6230972,5-May-16,5.1066,7.3667
6313192,5-May-16,5.5167,5.75
6260818,6-May-16,10.3134,9.8433
6260615,6-May-16,10.3134,9.8433
5877403,7-May-16,5.3732,6.1107
6357518,8-May-16,11.25,13.4167
6359105,8-May-16,11.0261,13.585
6359110,8-May-16,11.084,13.6925
5821357,8-May-16,8.5333,10.4667
6268353,8-May-16,5.5167,5.75
6268387,8-May-16,6.8498,5.7784
6126601,9-May-16,7.4667,4.5667
6268220,9-May-16,4.6737,7.362
6126435,9-May-16,5.4833,7.0304
5877617,9-May-16,5.0623,6.5416
6313202,9-May-16,5.4527,5.8696
6126339,10-May-16,6.2517,8.1121
5293330,10-May-16,7.8024,6.743
5821202,10-May-16,4.7774,7.0134
5293333,10-May-16,4.5991,5.6512
6357271,10-May-16,11.8464,13.1603
5876260,10-May-16,5.1066,7.3667
6357291,10-May-16,11.5221,13.6856
6357263,11-May-16,11.5221,13.6856
5293338,11-May-16,8.5,4.55
6359085,11-May-16,11.8464,13.1603
5821367,11-May-16,11.9702,8.5044
5877480,11-May-16,6.0199,6.9148
6313484,12-May-16,9.0833,7.5333
6356035,12-May-16,11.8464,13.1603
6357259,13-May-16,11.25,13.4167
5876314,13-May-16,7.1694,9.2847
6268216,14-May-16,6.3351,5.6275
6356830,14-May-16,11.084,13.6925
6356861,14-May-16,11.25,13.4167
6356876,14-May-16,11.0667,13.7333
5877491,15-May-16,6.1454,6.7885
6260762,16-May-16,8.1333,4.2667
6313359,16-May-16,6.3351,5.6275
6359112,17-May-16,11.3334,13.5417
6358870,17-May-16,13.5407,13.1386
5877603,17-May-16,4.9247,6.2642
6258312,17-May-16,10.3134,9.8433
6260918,17-May-16,7.6813,6.4286
4815305,17-May-16,6.4281,3.422
5877524,18-May-16,4.8289,7.0701
5293361,18-May-16,6.5942,3.3375
6258295,18-May-16,6.3351,5.6275
6313372,18-May-16,13.048,5.2143
4815015,18-May-16,6.5263,3.3571
5293365,19-May-16,7.3878,3.8964
5293366,19-May-16,6.4531,3.3958
5293367,19-May-16,6.3163,8.1169
5293370,19-May-16,9.0833,7.5333
5876540,19-May-16,5.7671,7.1531
6126670,19-May-16,6.4979,3.3829
6358872,19-May-16,11.156,12.7576
6358874,19-May-16,11.2,13.1167
5876839,19-May-16,7.6897,7.0438
6126705,19-May-16,5.0333,7.9266
5877378,19-May-16,7.2357,6.9256
6358751,19-May-16,11.0333,12.2667
6355502,20-May-16,11.8464,13.1603
6261304,20-May-16,7.7897,5.5106
6126674,20-May-16,7.7411,8.5121
5920533,21-May-16,4.9247,6.2642
6260978,22-May-16,9.3713,9.6192
6356557,23-May-16,11.25,13.4167
6313600,23-May-16,6.3351,5.6275
6358965,24-May-16,11.9259,13.2306
5876923,24-May-16,6.4538,3.2059
6359327,25-May-16,11.8934,14.1836
6260631,25-May-16,4.8167,7.3167
5876432,25-May-16,6.4538,3.2059
6261247,25-May-16,5.0014,6.8741
6316081,26-May-16,5.5801,5.1792
5877310,26-May-16,6.4538,3.2059
5876307,26-May-16,5.4741,7.3003
5877114,26-May-16,5.4616,6.2079
6357441,26-May-16,12.6611,13.2795
5293393,27-May-16,9.0833,7.5333
5293394,28-May-16,4.4522,7.1681
6260742,29-May-16,4.3151,6.2418
5821209,29-May-16,10.41,6.3985
5286207,29-May-16,6.2101,7.0741
5286209,29-May-16,6.2006,6.7339
5293396,29-May-16,8.5206,7.2306
6313189,29-May-16,10.6129,12.1946
6313190,29-May-16,6.3163,8.1169
6260768,30-May-16,7.7166,8.899
5286210,30-May-16,6.2101,7.0741
5286211,30-May-16,6.2006,6.7339
5293401,30-May-16,6.1454,6.7885
5293402,30-May-16,4.9667,8.3333
5293403,30-May-16,4.7774,7.0134
5293404,30-May-16,5.1066,7.3667
5293405,30-May-16,6.3163,8.1169
5293406,30-May-16,6.4426,7.5022
5293407,30-May-16,5.5263,7.4896
6260851,30-May-16,7.5965,9.7056
6260860,30-May-16,7.5965,9.7056
6313344,30-May-16,5.961,8.7107
5821333,30-May-16,10.41,6.3985
5877195,30-May-16,6.2006,6.7339
5821408,30-May-16,5.4833,7.0304
6313099,31-May-16,9.0833,7.5333
6260724,31-May-16,8.1833,9.75
6356748,1-Jun-16,11.6558,13.4213
6356749,1-Jun-16,11.9259,13.2306
5876763,1-Jun-16,5.5167,5.75
4812842,1-Jun-16,7.3878,3.8964
6358875,1-Jun-16,12.55,13.1123
6358876,1-Jun-16,11.4667,13.7667
5293422,1-Jun-16,9.0833,7.5333
6126474,1-Jun-16,6.1464,6.8729
6260632,1-Jun-16,5.4832,5.7346
6356683,1-Jun-16,11.8464,13.1603
6359123,2-Jun-16,11.4667,13.7667
6358881,2-Jun-16,12.55,13.1123
5293427,2-Jun-16,11.9702,8.5044
6313448,2-Jun-16,4.9247,6.2642
6358645,3-Jun-16,12.094,13.4582
5876344,3-Jun-16,5.4832,5.7346
5876629,3-Jun-16,5.4859,5.7543
6355630,3-Jun-16,11.8464,13.1603
6126243,4-Jun-16,9.0833,7.5333
6258438,5-Jun-16,7.7411,8.5121
5877585,6-Jun-16,6.3351,5.6275
6258321,7-Jun-16,7.3878,3.8964
6356645,7-Jun-16,13.0886,12.1056
6313649,7-Jun-16,10.4547,7.4129
5876921,7-Jun-16,9.0833,7.5333
6258437,8-Jun-16,7.7411,8.5121
6260545,8-Jun-16,6.0011,5.4675
6261580,8-Jun-16,6.6143,3.3244
6258287,8-Jun-16,7.7411,8.5121
5821171,8-Jun-16,9.0833,7.5333
5293448,9-Jun-16,6.7424,3.4219
6257911,9-Jun-16,7.2526,5.1931
6357312,10-Jun-16,11.6625,14.3414
6357314,10-Jun-16,11.5221,13.6856
6355586,10-Jun-16,12.7559,13.4349
5293450,10-Jun-16,4.3151,6.2418
5293452,10-Jun-16,10.2897,11.1673
6358885,11-Jun-16,12.373,14.2069
6268174,12-Jun-16,7.8024,6.743
6357874,12-Jun-16,11.1767,13.8256
6260487,13-Jun-16,8.5294,7.7242
5920541,13-Jun-16,8.9961,7.5756
6261279,13-Jun-16,8.8486,7.8736
6261562,13-Jun-16,8.5294,7.7242
6260565,13-Jun-16,6.4426,7.5022
6261077,13-Jun-16,8.3667,8.7667
6261591,13-Jun-16,8.9167,8.3833
6261370,13-Jun-16,8.4833,8.5167
6260868,13-Jun-16,8.8556,8.0611
6260870,13-Jun-16,8.1333,8.8
6260872,13-Jun-16,8.1,9.1333
6261169,13-Jun-16,8.3789,7.0844
6261430,13-Jun-16,8.9333,8.6
6260410,13-Jun-16,9.9285,8.8921
6260448,13-Jun-16,8.3833,8.35
5821409,13-Jun-16,6.4531,3.3958
6356802,14-Jun-16,11.156,12.7576
6359369,14-Jun-16,11.084,13.6925
5293473,14-Jun-16,9.0833,7.5333
6359058,15-Jun-16,11.4137,14.3203
6359095,15-Jun-16,11.5221,13.6856
6359096,15-Jun-16,11.4302,14.2862
6359097,15-Jun-16,11.4146,14.326
6359134,15-Jun-16,11.3333,13.9667
6359150,15-Jun-16,11.3602,14.23
5821314,15-Jun-16,6.8161,3.9159
6359191,15-Jun-16,11.4788,14.2976
6359197,15-Jun-16,11.4678,14.267
6313119,15-Jun-16,4.9667,8.3333
5293475,15-Jun-16,5.4833,7.0304
6313406,15-Jun-16,7.4667,4.5667
6268415,15-Jun-16,7.3878,3.8964
6358048,16-Jun-16,10.8155,13.4195
6268466,16-Jun-16,10.5222,7.4383
6357908,16-Jun-16,11.7091,11.0694
6126244,16-Jun-16,4.8056,7.6159
5293493,17-Jun-16,4.7774,7.0134
5293494,17-Jun-16,6.8432,3.6478
5293495,17-Jun-16,9.0833,7.5333
6313402,17-Jun-16,6.9667,2.9833
6317009,17-Jun-16,6.8,4
6357355,18-Jun-16,12.2333,14.0833
6357365,18-Jun-16,12.373,14.2069
6355633,18-Jun-16,12.3667,14.35
4809772,19-Jun-16,7.5,9.3333
6358647,19-Jun-16,12.024,13.9165
6261394,19-Jun-16,7.1962,5.5868
6356902,19-Jun-16,11.156,12.7576
5876778,20-Jun-16,9.0833,7.5333
6356782,20-Jun-16,13.193,13.6146
5876311,20-Jun-16,7.5688,9.0239
5876853,20-Jun-16,7.5,9.3333
5293505,20-Jun-16,6.675,3.2708
5293506,20-Jun-16,6.415,4.1681
5876520,21-Jun-16,9.0833,7.5333
5876589,21-Jun-16,7.5167,9.6167
5876271,22-Jun-16,4.9667,8.3333
5876775,23-Jun-16,6.6155,3.5087
6313519,23-Jun-16,4.9247,6.2642
5877446,23-Jun-16,6.6667,3.4667
4808794,24-Jun-16,7.621,5.2215
6359281,24-Jun-16,12.373,14.2069
6313206,24-Jun-16,6.6955,3.5117
5729784,24-Jun-16,7.15,3.35
6318289,25-Jun-16,9.45,12.35
5876965,25-Jun-16,7.15,3.35
6356504,26-Jun-16,11.8464,13.1603
6356612,26-Jun-16,12.3371,13.2255
6356634,26-Jun-16,12.0433,13.6471
6356652,26-Jun-16,12.1167,13.5
6261428,26-Jun-16,7.0336,7.8134
6356664,26-Jun-16,12.1,13.7
6356679,26-Jun-16,12.1,13.7
5293518,26-Jun-16,6.9486,3.5051
6356903,27-Jun-16,11.8464,13.1603
5293526,27-Jun-16,10.7889,7.7749
5821401,27-Jun-16,7.621,5.2215
5821440,28-Jun-16,6.8561,7.3927
6359026,28-Jun-16,13.3301,13.4608
5877528,29-Jun-16,7.621,5.2215
6358058,29-Jun-16,12.944,13.184
6358826,29-Jun-16,11.0991,13.7581
6268228,29-Jun-16,5.5263,7.4896
6356905,29-Jun-16,11.1416,13.7749
5293532,29-Jun-16,6.5711,3.3717
5293537,30-Jun-16,6.5942,3.3375
6316293,1-Jul-16,10.5222,7.4383
6258144,1-Jul-16,7.3667,4.05
5821248,3-Jul-16,6.2006,6.7339
5877084,3-Jul-16,5.4018,6.1755
6356441,3-Jul-16,12.9234,13.5606
5293540,3-Jul-16,9.0833,7.5333
6358787,4-Jul-16,12.6786,13.6079
6268233,4-Jul-16,4.9247,6.2642
6319211,4-Jul-16,6.5833,3.9833
6356332,4-Jul-16,12.7911,13.6769
6313355,4-Jul-16,5.4832,5.7346
6268111,4-Jul-16,6.3351,5.6275
6313745,5-Jul-16,5.8086,8.0812
6126158,5-Jul-16,7.0932,4.8353
6126200,5-Jul-16,4.7774,7.0134
6313658,5-Jul-16,6.0753,8.329
6313249,6-Jul-16,5.8086,8.0812
6313098,6-Jul-16,6.0753,8.329
6260883,6-Jul-16,6.6155,3.5087
5876390,6-Jul-16,5.5167,5.75
6261199,6-Jul-16,7.15,3.35
6126645,7-Jul-16,7.621,5.2215
6313328,7-Jul-16,5.8086,8.0812
6313331,7-Jul-16,6.0753,8.329
6261448,7-Jul-16,7.0336,7.8134
5293558,7-Jul-16,6.55,3.25
5293559,7-Jul-16,9.6825,6.4683
5293560,7-Jul-16,9.6825,6.4683
6357771,8-Jul-16,11.156,12.7576
6357793,8-Jul-16,11.7606,13.2683
6355612,8-Jul-16,12.2829,14.4724
6126273,8-Jul-16,7.621,5.2215
6260773,9-Jul-16,7.5,9.3333
6355344,9-Jul-16,12.2829,14.4724
6261398,9-Jul-16,5.4833,7.0304
6260670,9-Jul-16,7.5167,9.6167
6260432,10-Jul-16,7.5,9.3333
5293574,11-Jul-16,4.5484,8.0127
5293575,11-Jul-16,7.7411,8.5121
5293576,11-Jul-16,6.7327,5.3899
5293577,11-Jul-16,6.6433,3.7123
5876244,11-Jul-16,6.4531,3.3958
6261113,11-Jul-16,9.4333,6.6333
5821391,11-Jul-16,9.8647,11.2253
5821421,11-Jul-16,5.0333,7.9266
6261231,11-Jul-16,7.621,5.2215
6260751,12-Jul-16,8.4833,8.5167
6260752,12-Jul-16,6.3351,5.6275
6356590,12-Jul-16,13.3301,13.4608
5876374,12-Jul-16,6.6955,3.5117
5821386,12-Jul-16,9.8647,11.2253
6313235,13-Jul-16,5.5167,5.75
5293588,13-Jul-16,7.8024,6.743
5876246,13-Jul-16,5.1066,7.3667
6126259,13-Jul-16,5.4833,7.0304
5876415,13-Jul-16,9.3667,12.55
6126593,14-Jul-16,5.4833,7.0304
6261292,14-Jul-16,10.8937,13.6229
5877660,14-Jul-16,7.8024,6.743
6357456,14-Jul-16,11.4833,12.3144
5293598,15-Jul-16,9.1758,7.1808
5293599,16-Jul-16,7.6333,4.1833
4804827,16-Jul-16,6.4538,3.2059
6260737,17-Jul-16,7.8667,10.9667
6358914,17-Jul-16,12.7911,13.6769
5293603,18-Jul-16,6.5942,3.3375
5293606,18-Jul-16,6.4531,3.3958
6359157,18-Jul-16,11.156,12.7576
6358915,18-Jul-16,11.2167,12.8833
6313349,18-Jul-16,5.4832,5.7346
6260707,18-Jul-16,9.3,9
6359038,18-Jul-16,11.8464,13.1603
6358796,19-Jul-16,12.9234,13.5606
5293611,19-Jul-16,4.7774,7.0134
5293615,19-Jul-16,9.0833,7.5333
6126446,19-Jul-16,4.5394,6.4003
6261386,19-Jul-16,9.3,9
6261387,19-Jul-16,5.4833,7.0304
5876978,19-Jul-16,4.7774,7.0134
6358041,20-Jul-16,11.8464,13.1603
5876551,20-Jul-16,4.9247,6.2642
5876358,20-Jul-16,9.0833,7.5333
5877557,21-Jul-16,5.4333,5.8667
5293623,21-Jul-16,9.0833,7.5333
6357320,21-Jul-16,12.7147,13.7028
5877432,21-Jul-16,6.8561,7.3927
5876416,21-Jul-16,6.8561,7.3927
6313674,21-Jul-16,9.3,9
5877606,22-Jul-16,4.6737,7.362
6356489,24-Jul-16,11.25,13.4167
5293629,24-Jul-16,5.0333,7.9266
6268192,25-Jul-16,7.5,9.3333
5729864,25-Jul-16,7.1962,5.5868
4802182,25-Jul-16,6.5211,3.3017
6260363,25-Jul-16,6.3351,5.6275
6359194,25-Jul-16,12.8847,12.5081
6260965,25-Jul-16,7.1273,9.0198
5293638,26-Jul-16,6.5942,3.3375
5877124,26-Jul-16,6.55,3.25
6260401,26-Jul-16,6.55,3.25
6268436,27-Jul-16,5.4842,6.0785
5876756,27-Jul-16,6.2101,7.0741
5293640,27-Jul-16,9.0833,7.5333
5293641,27-Jul-16,6.4531,3.3958
5293642,27-Jul-16,11.9702,8.5044
6261599,27-Jul-16,8.4833,8.5167
6260339,27-Jul-16,6.55,3.25
6053563,27-Jul-16,11.5221,13.6856
6268365,27-Jul-16,10.5222,7.4383
6261209,27-Jul-16,6.5551,3.4736
6356024,28-Jul-16,11.5221,13.6856
5293650,28-Jul-16,6.6974,3.4157
6126264,28-Jul-16,9.0833,7.5333
5877459,28-Jul-16,6.5942,3.3375
5293653,29-Jul-16,11.9702,8.5044
5293654,29-Jul-16,8.4833,8.5167
6359188,29-Jul-16,11.1767,13.8256
5877701,30-Jul-16,6.5476,9.224
5293657,31-Jul-16,4.5394,6.4003
6313709,31-Jul-16,9.4667,12.15
6357550,1-Aug-16,11.8464,13.1603
6313286,1-Aug-16,9.4667,12.15
5877067,1-Aug-16,9.4333,8.35
6261260,2-Aug-16,8.8167,4.9833
5293663,2-Aug-16,4.6737,7.362
5293664,2-Aug-16,9.4667,8.3833
6126174,3-Aug-16,7.7411,8.5121
5293666,3-Aug-16,10.5222,7.4383
5293667,3-Aug-16,11.9702,8.5044
6260602,3-Aug-16,6.3351,5.6275
5920556,4-Aug-16,6.4426,7.5022
5877081,4-Aug-16,9.6825,6.4683
6016981,5-Aug-16,8.5167,8.05
5876524,6-Aug-16,4.9247,6.2642
6016986,6-Aug-16,8.5167,8.05
6268442,8-Aug-16,4.5394,6.4003
5293675,8-Aug-16,5.4616,6.2079
5293676,8-Aug-16,6.2006,6.7339
5876435,8-Aug-16,6.1454,6.7885
6260460,8-Aug-16,7.6333,4.1833
5293680,9-Aug-16,5.5801,5.1792
5876353,9-Aug-16,6.1454,6.7885
5876354,9-Aug-16,9.0833,7.5333
6356453,9-Aug-16,11.0162,8.9024
5877576,10-Aug-16,6.4426,7.5022
5877068,10-Aug-16,5.4899,6.0074
5293684,10-Aug-16,5.5801,5.1792
6126344,11-Aug-16,4.7774,7.0134
5821469,11-Aug-16,9.0833,7.5333
5920557,11-Aug-16,7.3179,8.9951
5293687,11-Aug-16,5.5801,5.1792
6260739,12-Aug-16,5.1066,7.3667
6126609,12-Aug-16,5.9088,7.1106
6357546,14-Aug-16,11.5221,13.6856
6356299,14-Aug-16,13.3301,13.4608
6356598,15-Aug-16,12.024,13.9165
6261631,15-Aug-16,11.1132,7.7252
5293698,15-Aug-16,9.0833,7.5333
6356883,15-Aug-16,10.2897,11.1673
6355392,15-Aug-16,12.373,14.2069
5821309,16-Aug-16,7.2526,5.1931
5293701,16-Aug-16,9.0833,7.5333
5877419,16-Aug-16,5.1066,7.3667
6268122,17-Aug-16,5.3435,6.6532
5293706,18-Aug-16,7.15,3.35
5876983,18-Aug-16,5.4899,6.0074
5821286,19-Aug-16,9.0833,7.5333
6126699,19-Aug-16,6.3163,8.1169
5293708,19-Aug-16,6.2006,6.7339
5293709,19-Aug-16,5.4527,5.8696
5293710,19-Aug-16,7.15,3.35
6357489,19-Aug-16,11.25,13.4167
5876488,20-Aug-16,9.4333,8.35
6261529,20-Aug-16,10.4167,7.3333
6357540,21-Aug-16,10.925,13.0225
6356616,21-Aug-16,10.647,12.911
5876938,21-Aug-16,9.25,8.45
5877106,22-Aug-16,9.25,8.45
5821390,22-Aug-16,11.8464,13.1603
6258436,23-Aug-16,12.9894,7.6006
6261049,23-Aug-16,7.3179,8.9951
5876793,23-Aug-16,12.1628,6.6614
6126164,23-Aug-16,6.4531,3.3958
6126168,23-Aug-16,6.4426,7.5022
5876674,23-Aug-16,9.2,12.4833
6258403,23-Aug-16,6.3351,5.6275
6357545,24-Aug-16,11.3167,13.9667
6260613,24-Aug-16,7.3179,8.9951
6313433,24-Aug-16,10.5222,7.4383
6126825,24-Aug-16,10.3134,9.8433
6260764,25-Aug-16,6.3079,7.5519
5876624,25-Aug-16,11.8464,13.1603
5293735,26-Aug-16,5.8941,5.6767
5876449,26-Aug-16,9.25,8.45
4795671,27-Aug-16,8.6333,10.7667
5293737,27-Aug-16,7.7667,4.9
6032388,29-Aug-16,4.9335,6.949
5293738,29-Aug-16,8.8964,7.2431
5876682,29-Aug-16,6.5942,3.3375
6357268,30-Aug-16,13.3301,13.4608
6357299,30-Aug-16,12.3611,13.8246
4794961,30-Aug-16,9.0833,7.5333
6260609,30-Aug-16,7.7411,8.5121
5293741,30-Aug-16,5.4899,6.0074
5293746,31-Aug-16,6.4979,3.3829
5293747,31-Aug-16,9.0833,7.5333
6355417,31-Aug-16,12.3611,13.8246
6260531,1-Sep-16,10.5299,7.3792
5876883,1-Sep-16,9.0833,7.5333
6355387,1-Sep-16,12.6786,13.6079
6313414,1-Sep-16,7.2167,3.5167
6357293,2-Sep-16,13.6169,13.2644
5293753,2-Sep-16,4.7774,7.0134
5293754,2-Sep-16,6.4531,3.3958
5293756,2-Sep-16,6.5259,4.6375
6258280,3-Sep-16,5.1553,7.6653
6261213,3-Sep-16,6.2667,5.6167
5877013,6-Sep-16,6.3351,5.6275
4793641,6-Sep-16,8.1,5.15
6358650,6-Sep-16,11.5032,11.9367
5877429,6-Sep-16,5.1399,6.6655
5293759,6-Sep-16,8.5,4.55
5877470,6-Sep-16,9.0833,7.5333
6260974,6-Sep-16,11.8464,13.1603
5876846,7-Sep-16,6.55,3.25
5876928,7-Sep-16,6.55,3.25
5293765,7-Sep-16,6.6143,3.3244
5876809,8-Sep-16,9.4103,8.3614
4793019,8-Sep-16,7.106,6.6966
6357500,8-Sep-16,11.8464,13.1603
5821464,9-Sep-16,5.9529,7.5601
6357459,9-Sep-16,11.8464,13.1603
6355450,9-Sep-16,11.8464,13.1603
5759902,10-Sep-16,9.0833,7.5333
5877700,10-Sep-16,9.4667,8.3833
6313684,10-Sep-16,9.4103,8.3614
6313211,10-Sep-16,7.2526,5.1931
6313489,11-Sep-16,12.024,13.9165
5876927,12-Sep-16,5.6325,7.3054
6268142,12-Sep-16,9.45,8
5876328,13-Sep-16,5.5167,5.75
4792242,13-Sep-16,5.4899,6.0074
6260415,13-Sep-16,5.961,8.7107
5293782,13-Sep-16,5.9332,8.4413
5876729,13-Sep-16,6.4531,3.3958
6260990,13-Sep-16,5.5167,5.75
5920559,14-Sep-16,9.9285,8.8921
6358651,14-Sep-16,12.897,11.9304
6358652,14-Sep-16,12.9197,12.3652
5877148,14-Sep-16,6.1454,6.7885
6260408,14-Sep-16,5.9332,8.4413
6268371,14-Sep-16,5.961,8.7107
5876957,14-Sep-16,6.2006,6.7339
6260467,14-Sep-16,9.9285,8.8921
6258620,15-Sep-16,6.1916,6.4659
6126799,15-Sep-16,5.1066,7.3667
5293797,15-Sep-16,9.2333,8.5167
5293798,15-Sep-16,9.3167,8.45
5293799,15-Sep-16,7.621,5.2215
6126322,15-Sep-16,5.5263,7.4896
6260760,16-Sep-16,6.3351,5.6275
6358054,16-Sep-16,12.9234,13.5606
6257844,16-Sep-16,7.2526,5.1931
5293803,16-Sep-16,5.3435,6.6532
6357544,18-Sep-16,10.9023,13.0551
5876789,18-Sep-16,5.4899,6.0074
6357558,19-Sep-16,12.9333,13.6333
6260857,19-Sep-16,5.132,8.3395
6356617,19-Sep-16,10.6345,12.0136
5876296,20-Sep-16,6.2006,6.7339
6260384,20-Sep-16,5.6261,7.8306
6260341,21-Sep-16,7.0919,6.2963
6258343,21-Sep-16,4.8816,6.8625
6356756,22-Sep-16,13.6746,13.3395
5877287,22-Sep-16,9.0833,7.5333
5876963,22-Sep-16,5.4833,7.0304
4790262,22-Sep-16,9.3333,9.45
5293816,22-Sep-16,8.9414,7.0919
5293817,22-Sep-16,9.0833,7.5333
5876534,23-Sep-16,4.4522,7.1681
6261356,23-Sep-16,8.5,4.55
6261436,24-Sep-16,6.4426,7.5022
6268445,25-Sep-16,7.1694,9.2847
6355886,25-Sep-16,11.5221,13.6856
6355888,25-Sep-16,12.1976,14.0223
6357519,26-Sep-16,10.8658,12.847
6357809,26-Sep-16,10.8522,13.2819
6260557,26-Sep-16,7.15,3.35
4789650,26-Sep-16,6.675,3.2708
6357980,26-Sep-16,11.25,13.4167
6268434,27-Sep-16,6.2006,6.7339
6268121,27-Sep-16,9.4667,8.3833
6268154,27-Sep-16,10.311,8.545
5293834,28-Sep-16,5.1066,7.3667
5293837,28-Sep-16,6.4531,3.3958
5877095,28-Sep-16,5.5399,6.7255
5821324,28-Sep-16,6.7337,6.2187
5876640,28-Sep-16,6.0199,6.9148
6357490,28-Sep-16,12.6611,13.2795
5876482,29-Sep-16,5.4333,5.8667
5877574,29-Sep-16,5.5399,6.7255
6268235,29-Sep-16,6.3351,5.6275
6260854,29-Sep-16,6.4979,3.3829
5293844,30-Sep-16,7.8024,6.743
5293846,30-Sep-16,9.0833,7.5333
6313770,30-Sep-16,6.3351,5.6275
6126457,30-Sep-16,4.8785,8.4862
6016907,30-Sep-16,4.8171,8.6021
5293848,2-Oct-16,8.5,4.55
5876304,2-Oct-16,6.7918,7.985
6261369,2-Oct-16,7.9145,8.6872
6358661,2-Oct-16,10.503,11.8433
5876748,3-Oct-16,6.3351,5.6275
6260750,3-Oct-16,12.4517,7.4981
5293852,3-Oct-16,4.6538,7.284
5293853,3-Oct-16,5.1066,7.3667
5293856,4-Oct-16,9.0833,7.5333
6261052,4-Oct-16,9.2,12.4833
5821225,5-Oct-16,6.5833,3.3333
6261297,5-Oct-16,7.2526,5.1931
6261570,5-Oct-16,6.4531,3.3958
5293863,6-Oct-16,6.4531,3.3958
6260786,6-Oct-16,9.1758,7.1808
6357313,6-Oct-16,11.8464,13.1603
6313353,6-Oct-16,4.9247,6.2642
6355887,6-Oct-16,11.084,13.6925
5821405,6-Oct-16,7.85,3.9333
5293867,7-Oct-16,7.2526,5.1931
5876330,7-Oct-16,7.7682,5.7471
5876875,7-Oct-16,6.3351,5.6275
5759991,7-Oct-16,9.0833,7.5333
6268472,9-Oct-16,5.5833,7.05
5729771,9-Oct-16,7.2526,5.1931
5293874,10-Oct-16,6.4531,3.3958
5293876,10-Oct-16,9.0833,7.5333
6261053,10-Oct-16,7.621,5.2215
5821298,10-Oct-16,5.8931,7.9374
6358644,11-Oct-16,11.9259,13.2306
5877199,11-Oct-16,9.0833,7.5333
5293881,12-Oct-16,7.2887,8.5446
5293884,12-Oct-16,9.0833,7.5333
6357316,12-Oct-16,11.25,13.4167
6261130,12-Oct-16,11.5233,7.3081
6356429,12-Oct-16,11.8464,13.1603
5821162,12-Oct-16,9.9285,8.8921
5821437,12-Oct-16,13.048,5.2143
4786214,13-Oct-16,6.4531,3.3958
5293887,14-Oct-16,5.4531,6.0036
5293890,14-Oct-16,9.0833,7.5333
4785885,14-Oct-16,9.0833,7.5333
6126311,14-Oct-16,7.8452,5.1831
5821451,15-Oct-16,10.5122,7.4124
5876281,15-Oct-16,10.8864,13.63
5876585,15-Oct-16,6.2517,8.1121
5877374,15-Oct-16,9.4333,8.35
5876713,15-Oct-16,9.4333,8.35
5876274,16-Oct-16,9.4333,8.35
5877169,16-Oct-16,10.2691,7.1085
6356827,17-Oct-16,13.3747,12.7858
6319806,17-Oct-16,4.9667,8.3333
5821399,17-Oct-16,6.4531,3.3958
6355170,17-Oct-16,13.3747,12.7858
5821415,17-Oct-16,9.541,8.6467
5877051,18-Oct-16,11.9116,6.9539
6318654,18-Oct-16,4.9667,8.3333
5876599,18-Oct-16,7.2333,9.7
6358689,18-Oct-16,10.8658,12.847
6316142,19-Oct-16,4.9667,8.3333
5821216,20-Oct-16,9.0833,7.5333
6261408,20-Oct-16,11.9702,8.5044
6126524,20-Oct-16,6.6155,3.5087
6126827,21-Oct-16,6.6155,3.5087
6126327,21-Oct-16,6.6155,3.5087
6260358,22-Oct-16,7.3706,7.6253
6357974,22-Oct-16,10.8864,13.63
5293912,23-Oct-16,7.1962,5.5868
5293913,23-Oct-16,9.794,8.864
6260450,23-Oct-16,10.9048,12.0886
6313443,23-Oct-16,5.9231,6.4885
6313742,24-Oct-16,5.5464,6.5281
6126731,24-Oct-16,6.3031,7.4836
6126589,24-Oct-16,6.3845,5.611
5293919,25-Oct-16,5.5167,5.75
5293921,25-Oct-16,8.4667,6.95
5293922,25-Oct-16,9.0833,7.5333
6261381,25-Oct-16,5.4833,7.0304
5876355,26-Oct-16,6.4531,3.3958
5877493,26-Oct-16,9.0833,7.5333
4783439,27-Oct-16,6.2101,7.0741
5293926,27-Oct-16,6.55,3.25
5877223,27-Oct-16,4.7774,7.0134
5920563,28-Oct-16,7.0932,4.8353
5293928,28-Oct-16,7.8024,6.743
5877453,28-Oct-16,7.2526,5.1931
6357510,29-Oct-16,11.8464,13.1603
6261280,29-Oct-16,7.2526,5.1931
6261315,29-Oct-16,6.2101,7.0741
6356549,29-Oct-16,11.156,12.7576
5293931,29-Oct-16,4.9247,6.2642
6356742,30-Oct-16,11.8464,13.1603
5293937,30-Oct-16,6.5292,3.3217
6356879,30-Oct-16,11.1695,12.284
5877336,31-Oct-16,9.0833,7.5333
6356493,1-Nov-16,12.499,12.7848
6356552,1-Nov-16,12.3611,13.8246
6355592,1-Nov-16,11.8464,13.1603
5876766,2-Nov-16,5.4832,5.7346
6016916,2-Nov-16,9.3984,12.3644
6126249,2-Nov-16,9.0833,7.5333
6260503,3-Nov-16,7.621,5.2215
6357296,3-Nov-16,11.1222,13.51
6357442,3-Nov-16,12.6786,13.6079
6126815,3-Nov-16,5.5167,5.75
6126846,3-Nov-16,5.1598,7.3224
6261605,4-Nov-16,6.2101,7.0741
6355622,4-Nov-16,13.6746,13.3395
6357356,5-Nov-16,12.6786,13.6079
5821295,5-Nov-16,5.8931,7.9374
6358677,5-Nov-16,11.156,12.7576
6358678,5-Nov-16,11.1695,12.284
6358680,5-Nov-16,11.5032,11.9367
6358681,5-Nov-16,10.8658,12.847
6260915,5-Nov-16,6.2101,7.0741
6357508,7-Nov-16,13.3301,13.4608
6261607,7-Nov-16,5.3898,7.914
5293960,7-Nov-16,6.4095,4.0915
5293961,7-Nov-16,5.3128,8.3554
5293962,7-Nov-16,4.8785,8.4862
5876659,7-Nov-16,5.4832,5.7346
4781309,7-Nov-16,6.6053,3.4761
4781310,7-Nov-16,8.6333,10.7667
6126348,8-Nov-16,9.0833,7.5333
5293967,8-Nov-16,5.5167,5.75
5293968,8-Nov-16,5.5167,5.75
5293969,8-Nov-16,6.4095,4.0915
5821336,8-Nov-16,11.5221,13.6856
5821210,9-Nov-16,5.5263,7.4896
6126643,9-Nov-16,6.1454,6.7885
5293972,9-Nov-16,5.4832,5.7346
5293973,9-Nov-16,6.487,3.8928
5293977,9-Nov-16,6.4095,4.0915
5877457,10-Nov-16,5.4527,5.8696
5877071,11-Nov-16,5.4527,5.8696
6357497,11-Nov-16,11.2133,13.217
6313425,12-Nov-16,11.8351,8.5976
6126343,13-Nov-16,6.2006,6.7339
6313131,13-Nov-16,9.6681,8.4583
6126778,13-Nov-16,6.5042,8.3995
5821372,13-Nov-16,5.1815,7.9342
6357531,14-Nov-16,12.6786,13.6079
6260552,14-Nov-16,10.647,12.911
6261159,14-Nov-16,6.7421,6.139
6357504,15-Nov-16,12.6786,13.6079
5877511,15-Nov-16,4.5394,6.4003
5877284,15-Nov-16,9.0833,7.5333
5821224,15-Nov-16,6.6096,3.3566
6357870,15-Nov-16,11.8464,13.1603
5877014,16-Nov-16,6.4531,3.3958
5876834,16-Nov-16,9.0833,7.5333
6126480,16-Nov-16,5.9529,7.5601
6261152,16-Nov-16,11.9702,8.5044
4779697,16-Nov-16,7.4667,4.5667
5876949,16-Nov-16,5.5945,5.1744
6357469,16-Nov-16,11.25,13.4167
6261020,17-Nov-16,5.5263,7.4896
5877050,17-Nov-16,5.5945,5.1744
5294001,17-Nov-16,6.0167,7.0833
6261490,17-Nov-16,4.7774,7.0134
6357526,18-Nov-16,11.1416,13.7749
5876562,18-Nov-16,5.5945,5.1744
6356050,18-Nov-16,11.8464,13.1603
5877332,18-Nov-16,12.3342,6.4057
4779209,18-Nov-16,5.8828,8.0214
6357484,18-Nov-16,11.8048,13.1216
6355999,19-Nov-16,11.8464,13.1603
4779044,19-Nov-16,5.8828,8.0214
6357321,19-Nov-16,10.8658,12.847
5876899,19-Nov-16,5.5945,5.1744
6357460,19-Nov-16,13.3301,13.4608
5876366,20-Nov-16,5.5945,5.1744
6260947,20-Nov-16,10.5222,7.4383
5876736,21-Nov-16,5.5945,5.1744
5877157,21-Nov-16,5.3435,6.6532
5294018,21-Nov-16,7.3258,3.9403
5294019,21-Nov-16,8.4667,6.95
5920565,22-Nov-16,8.8964,7.2431
5876282,22-Nov-16,6.3351,5.6275
6261312,22-Nov-16,9.1758,7.1808
6357368,22-Nov-16,12.9234,13.5606
5876632,22-Nov-16,5.5945,5.1744
5294023,22-Nov-16,7.621,5.2215
5294026,22-Nov-16,6.6096,3.3566
5877249,23-Nov-16,9.0833,7.5333
6356551,23-Nov-16,11.8464,13.1603
6355536,23-Nov-16,11.156,12.7576
6355538,23-Nov-16,10.7682,13.1429
5877619,23-Nov-16,5.5945,5.1744
6355347,23-Nov-16,10.8333,13.15
6260941,23-Nov-16,6.4531,3.3958
5876287,24-Nov-16,5.5945,5.1744
6359011,24-Nov-16,10.8526,13.1212
5876236,25-Nov-16,5.5945,5.1744
6268450,25-Nov-16,9.5167,8.4
6126491,25-Nov-16,7.1962,5.5868
5821233,26-Nov-16,7.7223,7.0616
6357969,26-Nov-16,11.084,13.6925
6313173,26-Nov-16,6.1842,6.9766
5877290,27-Nov-16,5.4333,5.8667
6260865,28-Nov-16,8.7667,12.15
6016898,28-Nov-16,7.2526,5.1931
6258564,28-Nov-16,7.0932,4.8353
6317220,28-Nov-16,8.7167,8.5333
5821397,28-Nov-16,7.7223,7.0616
6126140,29-Nov-16,5.4678,6.9676
4777066,29-Nov-16,5.5399,6.7255
5294049,29-Nov-16,6.5144,3.3584
4776995,30-Nov-16,6.5942,3.3375
5821303,30-Nov-16,9.0833,7.5333
5876880,30-Nov-16,6.4426,7.5022
5294052,30-Nov-16,6.4602,7.522
5877155,1-Dec-16,5.5989,7.6038
6268358,1-Dec-16,9.0833,7.5333
5920566,3-Dec-16,10.5222,7.4383
5294058,4-Dec-16,9.0833,7.5333
5920567,5-Dec-16,6.3163,8.1169
6126810,5-Dec-16,9.0833,7.5333
5294059,5-Dec-16,6.5942,3.3375
5877481,6-Dec-16,5.4616,6.2079
5294063,6-Dec-16,9.0833,7.5333
5920568,7-Dec-16,11.1132,7.7252
5876336,7-Dec-16,6.4116,4.5489
6357734,7-Dec-16,11.25,13.4167
5876968,7-Dec-16,7.2526,5.1931
5294065,7-Dec-16,9.0833,7.5333
5876901,8-Dec-16,5.8941,5.6767
5294070,8-Dec-16,9.0833,7.5333
6356054,9-Dec-16,10.8864,13.63
5876879,9-Dec-16,5.4527,5.8696
5294072,9-Dec-16,9.0833,7.5333
5876519,10-Dec-16,6.4456,3.3592
5877307,10-Dec-16,4.5456,7.4612
5876807,10-Dec-16,6.4531,3.3958
5876345,10-Dec-16,5.0858,6.4709
6260929,10-Dec-16,4.7339,7.23
6260706,10-Dec-16,11.7594,9.3392
6260720,10-Dec-16,4.6538,7.284
5294075,10-Dec-16,5.3435,6.6532
6359126,11-Dec-16,11.8464,13.1603
5877346,11-Dec-16,5.4527,5.8696
5294086,12-Dec-16,7.5283,3.9119
5294087,12-Dec-16,6.55,3.25
5294088,12-Dec-16,7.5283,3.9119
5294089,12-Dec-16,9.0833,7.5333
5821371,12-Dec-16,7.3878,3.8964
6357475,12-Dec-16,12.944,13.184
6356575,13-Dec-16,13.0947,13.8234
4774568,13-Dec-16,6.2006,6.7339
6268422,14-Dec-16,10.2691,7.1085
5294093,14-Dec-16,5.9251,8.0863
6126139,14-Dec-16,6.5942,3.3375
6126692,14-Dec-16,9.0833,7.5333
6268049,14-Dec-16,9.6078,8.3904
5294098,15-Dec-16,9.0833,7.5333
5821205,15-Dec-16,10.2897,11.1673
4774304,15-Dec-16,6.4456,3.3592
5759406,15-Dec-16,6.4281,3.422
5876405,15-Dec-16,4.7774,7.0134
6355956,15-Dec-16,13.3565,13.4268
5294101,16-Dec-16,9.0833,7.5333
6260576,16-Dec-16,10.4751,7.4196
5876852,16-Dec-16,4.5706,7.9796
5877668,16-Dec-16,12.6611,13.2795
5877435,16-Dec-16,6.4281,3.422
5876669,16-Dec-16,4.7774,7.0134
5821406,16-Dec-16,6.3163,8.1169
